DPN0001,NTV01,NTV06,HARD
DPN0002,NTV01,NTV30,HARD
DPN0003,NTV02,NTV24,HARD
DPN0004,NTV02,NTV28,HARD
DPN0005,NTV03,NTV24,HARD
DPN0006,NTV03,NTV23,SOFT
DPN0007,NTV04,NTV38,SOFT
DPN0008,NTV05,NTV30,HARD
DPN0009,NTV06,NTV30,HARD
DPN0010,NTV08,NTV39,HARD
DPN0011,NTV12,NTV13,HARD
DPN0012,NTV17,NTV20,HARD
DPN0013,NTV17,NTV02,SOFT
DPN0014,NTV17,NTV03,SOFT
DPN0015,NTV17,NTV04,SOFT
DPN0016,NTV17,NTV18,SOFT
DPN0017,NTV17,NTV19,SOFT
DPN0018,NTV17,NTV38,SOFT
DPN0019,NTV18,NTV20,HARD
DPN0020,NTV18,NTV31,SOFT
DPN0021,NTV19,NTV20,HARD
DPN0022,NTV21,NTV22,HARD
DPN0023,NTV22,NTV41,HARD
DPN0024,NTV22,NTV46,HARD
DPN0025,NTV22,NTV26,SOFT
DPN0026,NTV22,NTV31,SOFT
DPN0027,NTV22,NTV32,SOFT
DPN0028,NTV22,NTV35,SOFT
DPN0029,NTV22,NTV45,SOFT
DPN0030,NTV23,NTV24,HARD
DPN0031,NTV24,NTV28,HARD
DPN0032,NTV25,NTV26,HARD
DPN0033,NTV26,NTV13,HARD
DPN0034,NTV26,NTV28,HARD
DPN0035,NTV27,NTV28,HARD
DPN0036,NTV28,NTV13,SOFT
DPN0037,NTV29,NTV30,HARD
DPN0038,NTV31,NTV47,SOFT
DPN0039,NTV32,NTV31,HARD
DPN0040,NTV34,NTV35,HARD
DPN0041,NTV36,NTV20,HARD
DPN0042,NTV38,NTV39,HARD
DPN0043,NTV38,NTV09,SOFT
DPN0044,NTV45,NTV46,HARD
DPN0045,NTV47,NTV33,HARD
DPN0046,NTV51,NTV28,SOFT
