id,name
ACT0071,Pär Gustafsson
ACT0020,Johanna Donner
ACT0038,Siv Bennhagen
ACT0074,mikael Andersson
ACT0062,Cecilia Karlsson/Thomas Frisk
ACT0081,Mikael Andersson or Marie?
ACT0015,Marina Dubakina (acting) alt. Martin Hansson (acting)
ACT0003,Göran Johansson
ACT0055,Anders Ekdahl
ACT0014,Klaudius Mainka
ACT0075,Catarina Dehn
ACT0011,Ruben de Jong
ACT0031,Magnus Anderberg
ACT0028,Ulf Zachrisson
ACT0045,Mikael Nordbeck
ACT0078,Eva Alfredsson/Bastian Kleinschmidt
ACT0007,Lena Bengtsdotter
ACT0036,Karl Bergfors
ACT0035,Karen Pflug
ACT0084,Fredrik Axen
ACT0070,Peter Klinkert
ACT0051,Helena Lindstedt
ACT0010,Frank Verboven
ACT0030,Melanie van Der Toorn Vritjhoff
ACT0017,Per Råborg
ACT0072,Ingela Ludvigsson (MHS Scope)
ACT0076,Jan Messen
ACT0040,Tobias Rehnström
ACT0054,Jerry Andren
ACT0043,Don Peterson
ACT0044,Anna Almqvist
ACT0008,Martin van Dam
ACT0001,Marcus Baumgartner
ACT0053,Mathias Wilm
ACT0063,Magnus Persson
ACT0066,Kajsa Hofvendahl
ACT0013,Johan Green
ACT0034,Rickard Klasson
ACT0061,Paolo Cinello
ACT0004,Jacob Nordegren
ACT0009,Karsten Stiegler
ACT0083,Petra ten Berg
ACT0058,Monica Holmvik Perdotter
ACT0077,Mattias Wilm
ACT0023,Davide Urani
ACT0073,Mikael Andersson
ACT0022,Kristian Wahlgren
ACT0068,MHS TP
ACT0033,Marie Klasson
ACT0047,Peder Apelgren
ACT0019,Fredrik Axén
ACT0064,Marie Lindberg
ACT0057,Marcus Jernvilde
ACT0079,"Pär Gustafsson, Emil Nilsson, Lars Gunnarsson"
ACT0005,Franklin Post
ACT0056,Erwin Goldner
ACT0024,Lars Gunnarsson
ACT0037,Camilla Larsson
ACT0029,Martin Fachinger
ACT0059,Torbjörn Andersson
ACT0006,Johanna Arnell
ACT0027,Henrik Bjurman
ACT0065,Emil Nilsson
ACT0016,Monica Persdotter-Holmsvik
ACT0039,Werner Hölter
ACT0046,Carina Beckman
ACT0032,Jonatan Lindqvist
ACT0082,Marc Peeters
ACT0049,Rineke Renema
ACT0042,Sten Hansson
ACT0018,Håkan Andersson
ACT0048,Ines Bajalo
ACT0026,Marcus Baumgartner & Paulo Cinelli
ACT0012,Eva Alfredsson
ACT0041,Peter Nordström
ACT0067,Niklas Olsson
ACT0002,Björn Westerberg
ACT0060,Fredrik Åkerberg
ACT0021,Magnus Hedlund
ACT0025,Melaine van Der Toorn Vritjhoff
ACT0069,Kristofer Magneteg
ACT0085,Monica Holmvik-Persdotter
ACT0050,Ingemar Rask
ACT0080,Taisto Tapani
ACT0052,Matthias Wilm
