id,from_init_id,to_init_id,type
DEP0001,INI0001,INI0006,HARD
DEP0002,INI0001,INI0030,HARD
DEP0003,INI0002,INI0024,HARD
DEP0004,INI0002,INI0028,HARD
DEP0005,INI0003,INI0024,HARD
DEP0006,INI0003,INI0023,SOFT
DEP0007,INI0004,INI0038,SOFT
DEP0008,INI0005,INI0030,HARD
DEP0009,INI0006,INI0030,HARD
DEP0010,INI0008,INI0039,HARD
DEP0011,INI0012,INI0013,HARD
DEP0012,INI0017,INI0020,HARD
DEP0013,INI0017,INI0002,SOFT
DEP0014,INI0017,INI0003,SOFT
DEP0015,INI0017,INI0004,SOFT
DEP0016,INI0017,INI0018,SOFT
DEP0017,INI0017,INI0019,SOFT
DEP0018,INI0017,INI0038,SOFT
DEP0019,INI0018,INI0020,HARD
DEP0020,INI0018,INI0031,SOFT
DEP0021,INI0019,INI0020,HARD
DEP0022,INI0021,INI0022,HARD
DEP0023,INI0022,INI0041,HARD
DEP0024,INI0022,INI0046,HARD
DEP0025,INI0022,INI0026,SOFT
DEP0026,INI0022,INI0031,SOFT
DEP0027,INI0022,INI0032,SOFT
DEP0028,INI0022,INI0035,SOFT
DEP0029,INI0022,INI0045,SOFT
DEP0030,INI0023,INI0024,HARD
DEP0031,INI0024,INI0028,HARD
DEP0032,INI0025,INI0026,HARD
DEP0033,INI0026,INI0013,HARD
DEP0034,INI0026,INI0028,HARD
DEP0035,INI0027,INI0028,HARD
DEP0036,INI0028,INI0013,SOFT
DEP0037,INI0029,INI0030,HARD
DEP0038,INI0031,INI0047,SOFT
DEP0039,INI0032,INI0031,HARD
DEP0040,INI0034,INI0035,HARD
DEP0041,INI0036,INI0020,HARD
DEP0042,INI0038,INI0039,HARD
DEP0043,INI0038,INI0009,SOFT
DEP0044,INI0045,INI0046,HARD
DEP0045,INI0047,INI0033,HARD
DEP0046,INI0051,INI0028,SOFT
